{"run_sequence":[{"date":"2021-09-15 08:15:26.041761Z","command":"run","infer_version":{"major":0,"minor":15,"patch":0,"commit":"30c470e"}}],"results_dir_format":"db_filename: results.db\ndb_schema: CREATE TABLE IF NOT EXISTS procedures\n  ( proc_name TEXT PRIMARY KEY\n  , proc_name_hum TEXT\n  , attr_kind INTEGER NOT NULL\n  , source_file TEXT NOT NULL\n  , proc_attributes BLOB NOT NULL );\nCREATE TABLE IF NOT EXISTS source_files\n  ( source_file TEXT PRIMARY KEY\n  , cfgs BLOB NOT NULL\n  , type_environment BLOB NOT NULL\n  , procedure_names BLOB NOT NULL\n  , freshly_captured INT NOT NULL )"}